{
  "images" : [
    {
      "idiom" : "universal",
      "scale" : "1x"
    },
    {
      "idiom" : "universal",
      "scale" : "2x",
      "filename" : "btn_entrance_reporter_pressed@2x.png"
    },
    {
      "idiom" : "universal",
      "scale" : "3x",
      "filename" : "btn_entrance_reporter_pressed@3x.png"
    },
    {
      "idiom" : "universal",
      "filename" : "btn_entrance_reporter_pressed@2x-1.png",
      "unassigned" : true,
      "scale" : "2x"
    },
    {
      "idiom" : "universal",
      "filename" : "btn_entrance_reporter_pressed@3x-1.png",
      "unassigned" : true,
      "scale" : "3x"
    }
  ],
  "info" : {
    "version" : 1,
    "author" : "xcode"
  }
}